day,kind,label
2021-08-18,instruction,Fall 2021
2021-08-19,instruction,Fall 2021
2021-08-20,instruction,Fall 2021
2021-08-21,instruction,Fall 2021
2021-08-22,instruction,Fall 2021
2021-08-23,instruction,Fall 2021
2021-08-24,instruction,Fall 2021
2021-08-25,instruction,Fall 2021
2021-08-26,instruction,Fall 2021
2021-08-27,instruction,Fall 2021
2021-08-28,instruction,Fall 2021
2021-08-29,instruction,Fall 2021
2021-08-30,instruction,Fall 2021
2021-08-31,instruction,Fall 2021
2021-09-01,instruction,Fall 2021
2021-09-02,instruction,Fall 2021
2021-09-03,instruction,Fall 2021
2021-09-04,instruction,Fall 2021
2021-09-05,instruction,Fall 2021
2021-09-06,holiday,Labor Day
2021-09-07,instruction,Fall 2021
2021-09-08,instruction,Fall 2021
2021-09-09,instruction,Fall 2021
2021-09-10,instruction,Fall 2021
2021-09-11,instruction,Fall 2021
2021-09-12,instruction,Fall 2021
2021-09-13,instruction,Fall 2021
2021-09-14,instruction,Fall 2021
2021-09-15,instruction,Fall 2021
2021-09-16,instruction,Fall 2021
2021-09-17,instruction,Fall 2021
2021-09-18,instruction,Fall 2021
2021-09-19,instruction,Fall 2021
2021-09-20,instruction,Fall 2021
2021-09-21,instruction,Fall 2021
2021-09-22,instruction,Fall 2021
2021-09-23,instruction,Fall 2021
2021-09-24,instruction,Fall 2021
2021-09-25,instruction,Fall 2021
2021-09-26,instruction,Fall 2021
2021-09-27,instruction,Fall 2021
2021-09-28,instruction,Fall 2021
2021-09-29,instruction,Fall 2021
2021-09-30,instruction,Fall 2021
2021-10-01,instruction,Fall 2021
2021-10-02,instruction,Fall 2021
2021-10-03,instruction,Fall 2021
2021-10-04,instruction,Fall 2021
2021-10-05,instruction,Fall 2021
2021-10-06,instruction,Fall 2021
2021-10-07,instruction,Fall 2021
2021-10-08,instruction,Fall 2021
2021-10-09,instruction,Fall 2021
2021-10-10,instruction,Fall 2021
2021-10-11,instruction,Fall 2021
2021-10-12,instruction,Fall 2021
2021-10-13,instruction,Fall 2021
2021-10-14,instruction,Fall 2021
2021-10-15,instruction,Fall 2021
2021-10-16,instruction,Fall 2021
2021-10-17,instruction,Fall 2021
2021-10-18,instruction,Fall 2021
2021-10-19,instruction,Fall 2021
2021-10-20,instruction,Fall 2021
2021-10-21,instruction,Fall 2021
2021-10-22,instruction,Fall 2021
2021-10-23,instruction,Fall 2021
2021-10-24,instruction,Fall 2021
2021-10-25,instruction,Fall 2021
2021-10-26,instruction,Fall 2021
2021-10-27,instruction,Fall 2021
2021-10-28,instruction,Fall 2021
2021-10-29,instruction,Fall 2021
2021-10-30,instruction,Fall 2021
2021-10-31,instruction,Fall 2021
2021-11-01,instruction,Fall 2021
2021-11-02,instruction,Fall 2021
2021-11-03,instruction,Fall 2021
2021-11-04,instruction,Fall 2021
2021-11-05,instruction,Fall 2021
2021-11-06,instruction,Fall 2021
2021-11-07,instruction,Fall 2021
2021-11-08,instruction,Fall 2021
2021-11-09,instruction,Fall 2021
2021-11-10,instruction,Fall 2021
2021-11-11,holiday,Veterans Day
2021-11-12,instruction,Fall 2021
2021-11-13,instruction,Fall 2021
2021-11-14,instruction,Fall 2021
2021-11-15,instruction,Fall 2021
2021-11-16,instruction,Fall 2021
2021-11-17,instruction,Fall 2021
2021-11-18,instruction,Fall 2021
2021-11-19,instruction,Fall 2021
2021-11-20,instruction,Fall 2021
2021-11-21,instruction,Fall 2021
2021-11-22,instruction,Fall 2021
2021-11-23,instruction,Fall 2021
2021-11-24,break,Thanksgiving break 2021
2021-11-25,holiday,Thanksgiving
2021-11-26,holiday,Day after Thanksgiving
2021-11-27,break,Thanksgiving break 2021
2021-11-28,break,Thanksgiving break 2021
2021-11-29,instruction,Fall 2021
2021-11-30,instruction,Fall 2021
2021-12-01,instruction,Fall 2021
2021-12-02,instruction,Fall 2021
2021-12-03,instruction,Fall 2021
2021-12-04,instruction,Fall 2021
2021-12-05,instruction,Fall 2021
2021-12-06,rrr,Fall 2021 review week
2021-12-07,rrr,Fall 2021 review week
2021-12-08,rrr,Fall 2021 review week
2021-12-09,rrr,Fall 2021 review week
2021-12-10,rrr,Fall 2021 review week
2021-12-11,rrr,Fall 2021 review week
2021-12-12,rrr,Fall 2021 review week
2021-12-13,finals,Fall 2021 finals
2021-12-14,finals,Fall 2021 finals
2021-12-15,finals,Fall 2021 finals
2021-12-16,finals,Fall 2021 finals
2021-12-17,finals,Fall 2021 finals
2021-12-18,break,Winter break 2021-22
2021-12-19,break,Winter break 2021-22
2021-12-20,break,Winter break 2021-22
2021-12-21,break,Winter break 2021-22
2021-12-22,break,Winter break 2021-22
2021-12-23,holiday,Winter holiday
2021-12-24,holiday,Winter holiday
2021-12-25,break,Winter break 2021-22
2021-12-26,break,Winter break 2021-22
2021-12-27,break,Winter break 2021-22
2021-12-28,break,Winter break 2021-22
2021-12-29,break,Winter break 2021-22
2021-12-30,holiday,Winter holiday
2021-12-31,holiday,Winter holiday
2022-01-01,break,Winter break 2021-22
2022-01-02,break,Winter break 2021-22
2022-01-03,break,Winter break 2021-22
2022-01-04,break,Winter break 2021-22
2022-01-05,break,Winter break 2021-22
2022-01-06,break,Winter break 2021-22
2022-01-07,break,Winter break 2021-22
2022-01-08,break,Winter break 2021-22
2022-01-09,break,Winter break 2021-22
2022-01-10,break,Winter break 2021-22
2022-01-11,instruction,Spring 2022
2022-01-12,instruction,Spring 2022
2022-01-13,instruction,Spring 2022
2022-01-14,instruction,Spring 2022
2022-01-15,instruction,Spring 2022
2022-01-16,instruction,Spring 2022
2022-01-17,holiday,Martin Luther King Jr. Day
2022-01-18,instruction,Spring 2022
2022-01-19,instruction,Spring 2022
2022-01-20,instruction,Spring 2022
2022-01-21,instruction,Spring 2022
2022-01-22,instruction,Spring 2022
2022-01-23,instruction,Spring 2022
2022-01-24,instruction,Spring 2022
2022-01-25,instruction,Spring 2022
2022-01-26,instruction,Spring 2022
2022-01-27,instruction,Spring 2022
2022-01-28,instruction,Spring 2022
2022-01-29,instruction,Spring 2022
2022-01-30,instruction,Spring 2022
2022-01-31,instruction,Spring 2022
2022-02-01,instruction,Spring 2022
2022-02-02,instruction,Spring 2022
2022-02-03,instruction,Spring 2022
2022-02-04,instruction,Spring 2022
2022-02-05,instruction,Spring 2022
2022-02-06,instruction,Spring 2022
2022-02-07,instruction,Spring 2022
2022-02-08,instruction,Spring 2022
2022-02-09,instruction,Spring 2022
2022-02-10,instruction,Spring 2022
2022-02-11,instruction,Spring 2022
2022-02-12,instruction,Spring 2022
2022-02-13,instruction,Spring 2022
2022-02-14,instruction,Spring 2022
2022-02-15,instruction,Spring 2022
2022-02-16,instruction,Spring 2022
2022-02-17,instruction,Spring 2022
2022-02-18,instruction,Spring 2022
2022-02-19,instruction,Spring 2022
2022-02-20,instruction,Spring 2022
2022-02-21,holiday,Presidents' Day
2022-02-22,instruction,Spring 2022
2022-02-23,instruction,Spring 2022
2022-02-24,instruction,Spring 2022
2022-02-25,instruction,Spring 2022
2022-02-26,instruction,Spring 2022
2022-02-27,instruction,Spring 2022
2022-02-28,instruction,Spring 2022
2022-03-01,instruction,Spring 2022
2022-03-02,instruction,Spring 2022
2022-03-03,instruction,Spring 2022
2022-03-04,instruction,Spring 2022
2022-03-05,instruction,Spring 2022
2022-03-06,instruction,Spring 2022
2022-03-07,instruction,Spring 2022
2022-03-08,instruction,Spring 2022
2022-03-09,instruction,Spring 2022
2022-03-10,instruction,Spring 2022
2022-03-11,instruction,Spring 2022
2022-03-12,instruction,Spring 2022
2022-03-13,instruction,Spring 2022
2022-03-14,instruction,Spring 2022
2022-03-15,instruction,Spring 2022
2022-03-16,instruction,Spring 2022
2022-03-17,instruction,Spring 2022
2022-03-18,instruction,Spring 2022
2022-03-19,break,Spring recess 2022
2022-03-20,break,Spring recess 2022
2022-03-21,break,Spring recess 2022
2022-03-22,break,Spring recess 2022
2022-03-23,break,Spring recess 2022
2022-03-24,break,Spring recess 2022
2022-03-25,holiday,Cesar Chavez Day
2022-03-26,break,Spring recess 2022
2022-03-27,break,Spring recess 2022
2022-03-28,instruction,Spring 2022
2022-03-29,instruction,Spring 2022
2022-03-30,instruction,Spring 2022
2022-03-31,instruction,Spring 2022
2022-04-01,instruction,Spring 2022
2022-04-02,instruction,Spring 2022
2022-04-03,instruction,Spring 2022
2022-04-04,instruction,Spring 2022
2022-04-05,instruction,Spring 2022
2022-04-06,instruction,Spring 2022
2022-04-07,instruction,Spring 2022
2022-04-08,instruction,Spring 2022
2022-04-09,instruction,Spring 2022
2022-04-10,instruction,Spring 2022
2022-04-11,instruction,Spring 2022
2022-04-12,instruction,Spring 2022
2022-04-13,instruction,Spring 2022
2022-04-14,instruction,Spring 2022
2022-04-15,instruction,Spring 2022
2022-04-16,instruction,Spring 2022
2022-04-17,instruction,Spring 2022
2022-04-18,instruction,Spring 2022
2022-04-19,instruction,Spring 2022
2022-04-20,instruction,Spring 2022
2022-04-21,instruction,Spring 2022
2022-04-22,instruction,Spring 2022
2022-04-23,instruction,Spring 2022
2022-04-24,instruction,Spring 2022
2022-04-25,instruction,Spring 2022
2022-04-26,instruction,Spring 2022
2022-04-27,instruction,Spring 2022
2022-04-28,instruction,Spring 2022
2022-04-29,instruction,Spring 2022
2022-04-30,instruction,Spring 2022
2022-05-01,instruction,Spring 2022
2022-05-02,rrr,Spring 2022 review week
2022-05-03,rrr,Spring 2022 review week
2022-05-04,rrr,Spring 2022 review week
2022-05-05,rrr,Spring 2022 review week
2022-05-06,rrr,Spring 2022 review week
2022-05-07,rrr,Spring 2022 review week
2022-05-08,rrr,Spring 2022 review week
2022-05-09,finals,Spring 2022 finals
2022-05-10,finals,Spring 2022 finals
2022-05-11,finals,Spring 2022 finals
2022-05-12,finals,Spring 2022 finals
2022-05-13,finals,Spring 2022 finals
2022-05-14,summer,Summer 2022
2022-05-15,summer,Summer 2022
2022-05-16,summer,Summer 2022
2022-05-17,summer,Summer 2022
2022-05-18,summer,Summer 2022
2022-05-19,summer,Summer 2022
2022-05-20,summer,Summer 2022
2022-05-21,summer,Summer 2022
2022-05-22,summer,Summer 2022
2022-05-23,summer,Summer 2022
2022-05-24,summer,Summer 2022
2022-05-25,summer,Summer 2022
2022-05-26,summer,Summer 2022
2022-05-27,summer,Summer 2022
2022-05-28,summer,Summer 2022
2022-05-29,summer,Summer 2022
2022-05-30,holiday,Memorial Day
2022-05-31,summer,Summer 2022
2022-06-01,summer,Summer 2022
2022-06-02,summer,Summer 2022
2022-06-03,summer,Summer 2022
2022-06-04,summer,Summer 2022
2022-06-05,summer,Summer 2022
2022-06-06,summer,Summer 2022
2022-06-07,summer,Summer 2022
2022-06-08,summer,Summer 2022
2022-06-09,summer,Summer 2022
2022-06-10,summer,Summer 2022
2022-06-11,summer,Summer 2022
2022-06-12,summer,Summer 2022
2022-06-13,summer,Summer 2022
2022-06-14,summer,Summer 2022
2022-06-15,summer,Summer 2022
2022-06-16,summer,Summer 2022
2022-06-17,summer,Summer 2022
2022-06-18,summer,Summer 2022
2022-06-19,summer,Summer 2022
2022-06-20,holiday,Juneteenth (observed)
2022-06-21,summer,Summer 2022
2022-06-22,summer,Summer 2022
2022-06-23,summer,Summer 2022
2022-06-24,summer,Summer 2022
2022-06-25,summer,Summer 2022
2022-06-26,summer,Summer 2022
2022-06-27,summer,Summer 2022
2022-06-28,summer,Summer 2022
2022-06-29,summer,Summer 2022
2022-06-30,summer,Summer 2022
2022-07-01,summer,Summer 2022
2022-07-02,summer,Summer 2022
2022-07-03,summer,Summer 2022
2022-07-04,holiday,Independence Day
2022-07-05,summer,Summer 2022
2022-07-06,summer,Summer 2022
2022-07-07,summer,Summer 2022
2022-07-08,summer,Summer 2022
2022-07-09,summer,Summer 2022
2022-07-10,summer,Summer 2022
2022-07-11,summer,Summer 2022
2022-07-12,summer,Summer 2022
2022-07-13,summer,Summer 2022
2022-07-14,summer,Summer 2022
2022-07-15,summer,Summer 2022
2022-07-16,summer,Summer 2022
2022-07-17,summer,Summer 2022
2022-07-18,summer,Summer 2022
2022-07-19,summer,Summer 2022
2022-07-20,summer,Summer 2022
2022-07-21,summer,Summer 2022
2022-07-22,summer,Summer 2022
2022-07-23,summer,Summer 2022
2022-07-24,summer,Summer 2022
2022-07-25,summer,Summer 2022
2022-07-26,summer,Summer 2022
2022-07-27,summer,Summer 2022
2022-07-28,summer,Summer 2022
2022-07-29,summer,Summer 2022
2022-07-30,summer,Summer 2022
2022-07-31,summer,Summer 2022
2022-08-01,summer,Summer 2022
2022-08-02,summer,Summer 2022
2022-08-03,summer,Summer 2022
2022-08-04,summer,Summer 2022
2022-08-05,summer,Summer 2022
2022-08-06,summer,Summer 2022
2022-08-07,summer,Summer 2022
2022-08-08,summer,Summer 2022
2022-08-09,summer,Summer 2022
2022-08-10,summer,Summer 2022
2022-08-11,summer,Summer 2022
2022-08-12,summer,Summer 2022
2022-08-13,summer,Summer 2022
2022-08-14,summer,Summer 2022
2022-08-15,summer,Summer 2022
2022-08-16,summer,Summer 2022
2022-08-17,instruction,Fall 2022
2022-08-18,instruction,Fall 2022
2022-08-19,instruction,Fall 2022
2022-08-20,instruction,Fall 2022
2022-08-21,instruction,Fall 2022
2022-08-22,instruction,Fall 2022
2022-08-23,instruction,Fall 2022
2022-08-24,instruction,Fall 2022
2022-08-25,instruction,Fall 2022
2022-08-26,instruction,Fall 2022
2022-08-27,instruction,Fall 2022
2022-08-28,instruction,Fall 2022
2022-08-29,instruction,Fall 2022
2022-08-30,instruction,Fall 2022
2022-08-31,instruction,Fall 2022
2022-09-01,instruction,Fall 2022
2022-09-02,instruction,Fall 2022
2022-09-03,instruction,Fall 2022
2022-09-04,instruction,Fall 2022
2022-09-05,holiday,Labor Day
2022-09-06,instruction,Fall 2022
2022-09-07,instruction,Fall 2022
2022-09-08,instruction,Fall 2022
2022-09-09,instruction,Fall 2022
2022-09-10,instruction,Fall 2022
2022-09-11,instruction,Fall 2022
2022-09-12,instruction,Fall 2022
2022-09-13,instruction,Fall 2022
2022-09-14,instruction,Fall 2022
2022-09-15,instruction,Fall 2022
2022-09-16,instruction,Fall 2022
2022-09-17,instruction,Fall 2022
2022-09-18,instruction,Fall 2022
2022-09-19,instruction,Fall 2022
2022-09-20,instruction,Fall 2022
2022-09-21,instruction,Fall 2022
2022-09-22,instruction,Fall 2022
2022-09-23,instruction,Fall 2022
2022-09-24,instruction,Fall 2022
2022-09-25,instruction,Fall 2022
2022-09-26,instruction,Fall 2022
2022-09-27,instruction,Fall 2022
2022-09-28,instruction,Fall 2022
2022-09-29,instruction,Fall 2022
2022-09-30,instruction,Fall 2022
2022-10-01,instruction,Fall 2022
2022-10-02,instruction,Fall 2022
2022-10-03,instruction,Fall 2022
2022-10-04,instruction,Fall 2022
2022-10-05,instruction,Fall 2022
2022-10-06,instruction,Fall 2022
2022-10-07,instruction,Fall 2022
2022-10-08,instruction,Fall 2022
2022-10-09,instruction,Fall 2022
2022-10-10,instruction,Fall 2022
2022-10-11,instruction,Fall 2022
2022-10-12,instruction,Fall 2022
2022-10-13,instruction,Fall 2022
2022-10-14,instruction,Fall 2022
2022-10-15,instruction,Fall 2022
2022-10-16,instruction,Fall 2022
2022-10-17,instruction,Fall 2022
2022-10-18,instruction,Fall 2022
2022-10-19,instruction,Fall 2022
2022-10-20,instruction,Fall 2022
2022-10-21,instruction,Fall 2022
2022-10-22,instruction,Fall 2022
2022-10-23,instruction,Fall 2022
2022-10-24,instruction,Fall 2022
2022-10-25,instruction,Fall 2022
2022-10-26,instruction,Fall 2022
2022-10-27,instruction,Fall 2022
2022-10-28,instruction,Fall 2022
2022-10-29,instruction,Fall 2022
2022-10-30,instruction,Fall 2022
2022-10-31,instruction,Fall 2022
2022-11-01,instruction,Fall 2022
2022-11-02,instruction,Fall 2022
2022-11-03,instruction,Fall 2022
2022-11-04,instruction,Fall 2022
2022-11-05,instruction,Fall 2022
2022-11-06,instruction,Fall 2022
2022-11-07,instruction,Fall 2022
2022-11-08,instruction,Fall 2022
2022-11-09,instruction,Fall 2022
2022-11-10,instruction,Fall 2022
2022-11-11,holiday,Veterans Day
2022-11-12,instruction,Fall 2022
2022-11-13,instruction,Fall 2022
2022-11-14,instruction,Fall 2022
2022-11-15,instruction,Fall 2022
2022-11-16,instruction,Fall 2022
2022-11-17,instruction,Fall 2022
2022-11-18,instruction,Fall 2022
2022-11-19,instruction,Fall 2022
2022-11-20,instruction,Fall 2022
2022-11-21,instruction,Fall 2022
2022-11-22,instruction,Fall 2022
2022-11-23,break,Thanksgiving break 2022
2022-11-24,holiday,Thanksgiving
2022-11-25,holiday,Day after Thanksgiving
2022-11-26,break,Thanksgiving break 2022
2022-11-27,break,Thanksgiving break 2022
2022-11-28,instruction,Fall 2022
2022-11-29,instruction,Fall 2022
2022-11-30,instruction,Fall 2022
2022-12-01,instruction,Fall 2022
2022-12-02,instruction,Fall 2022
2022-12-03,instruction,Fall 2022
2022-12-04,instruction,Fall 2022
2022-12-05,rrr,Fall 2022 review week
2022-12-06,rrr,Fall 2022 review week
2022-12-07,rrr,Fall 2022 review week
2022-12-08,rrr,Fall 2022 review week
2022-12-09,rrr,Fall 2022 review week
2022-12-10,rrr,Fall 2022 review week
2022-12-11,rrr,Fall 2022 review week
2022-12-12,finals,Fall 2022 finals
2022-12-13,finals,Fall 2022 finals
2022-12-14,finals,Fall 2022 finals
2022-12-15,finals,Fall 2022 finals
2022-12-16,finals,Fall 2022 finals
2022-12-17,break,Winter break 2022-23
2022-12-18,break,Winter break 2022-23
2022-12-19,break,Winter break 2022-23
2022-12-20,break,Winter break 2022-23
2022-12-21,break,Winter break 2022-23
2022-12-22,break,Winter break 2022-23
2022-12-23,holiday,Winter holiday
2022-12-24,break,Winter break 2022-23
2022-12-25,break,Winter break 2022-23
2022-12-26,holiday,Winter holiday
2022-12-27,break,Winter break 2022-23
2022-12-28,break,Winter break 2022-23
2022-12-29,break,Winter break 2022-23
2022-12-30,holiday,Winter holiday
2022-12-31,break,Winter break 2022-23
2023-01-01,break,Winter break 2022-23
2023-01-02,holiday,Winter holiday
2023-01-03,break,Winter break 2022-23
2023-01-04,break,Winter break 2022-23
2023-01-05,break,Winter break 2022-23
2023-01-06,break,Winter break 2022-23
2023-01-07,break,Winter break 2022-23
2023-01-08,break,Winter break 2022-23
2023-01-09,break,Winter break 2022-23
2023-01-10,instruction,Spring 2023
2023-01-11,instruction,Spring 2023
2023-01-12,instruction,Spring 2023
2023-01-13,instruction,Spring 2023
2023-01-14,instruction,Spring 2023
2023-01-15,instruction,Spring 2023
2023-01-16,holiday,Martin Luther King Jr. Day
2023-01-17,instruction,Spring 2023
2023-01-18,instruction,Spring 2023
2023-01-19,instruction,Spring 2023
2023-01-20,instruction,Spring 2023
2023-01-21,instruction,Spring 2023
2023-01-22,instruction,Spring 2023
2023-01-23,instruction,Spring 2023
2023-01-24,instruction,Spring 2023
2023-01-25,instruction,Spring 2023
2023-01-26,instruction,Spring 2023
2023-01-27,instruction,Spring 2023
2023-01-28,instruction,Spring 2023
2023-01-29,instruction,Spring 2023
2023-01-30,instruction,Spring 2023
2023-01-31,instruction,Spring 2023
2023-02-01,instruction,Spring 2023
2023-02-02,instruction,Spring 2023
2023-02-03,instruction,Spring 2023
2023-02-04,instruction,Spring 2023
2023-02-05,instruction,Spring 2023
2023-02-06,instruction,Spring 2023
2023-02-07,instruction,Spring 2023
2023-02-08,instruction,Spring 2023
2023-02-09,instruction,Spring 2023
2023-02-10,instruction,Spring 2023
2023-02-11,instruction,Spring 2023
2023-02-12,instruction,Spring 2023
2023-02-13,instruction,Spring 2023
2023-02-14,instruction,Spring 2023
2023-02-15,instruction,Spring 2023
2023-02-16,instruction,Spring 2023
2023-02-17,instruction,Spring 2023
2023-02-18,instruction,Spring 2023
2023-02-19,instruction,Spring 2023
2023-02-20,holiday,Presidents' Day
2023-02-21,instruction,Spring 2023
2023-02-22,instruction,Spring 2023
2023-02-23,instruction,Spring 2023
2023-02-24,instruction,Spring 2023
2023-02-25,instruction,Spring 2023
2023-02-26,instruction,Spring 2023
2023-02-27,instruction,Spring 2023
2023-02-28,instruction,Spring 2023
2023-03-01,instruction,Spring 2023
2023-03-02,instruction,Spring 2023
2023-03-03,instruction,Spring 2023
2023-03-04,instruction,Spring 2023
2023-03-05,instruction,Spring 2023
2023-03-06,instruction,Spring 2023
2023-03-07,instruction,Spring 2023
2023-03-08,instruction,Spring 2023
2023-03-09,instruction,Spring 2023
2023-03-10,instruction,Spring 2023
2023-03-11,instruction,Spring 2023
2023-03-12,instruction,Spring 2023
2023-03-13,instruction,Spring 2023
2023-03-14,instruction,Spring 2023
2023-03-15,instruction,Spring 2023
2023-03-16,instruction,Spring 2023
2023-03-17,instruction,Spring 2023
2023-03-18,instruction,Spring 2023
2023-03-19,instruction,Spring 2023
2023-03-20,instruction,Spring 2023
2023-03-21,instruction,Spring 2023
2023-03-22,instruction,Spring 2023
2023-03-23,instruction,Spring 2023
2023-03-24,instruction,Spring 2023
2023-03-25,break,Spring recess 2023
2023-03-26,break,Spring recess 2023
2023-03-27,break,Spring recess 2023
2023-03-28,break,Spring recess 2023
2023-03-29,break,Spring recess 2023
2023-03-30,break,Spring recess 2023
2023-03-31,holiday,Cesar Chavez Day
2023-04-01,break,Spring recess 2023
2023-04-02,break,Spring recess 2023
2023-04-03,instruction,Spring 2023
2023-04-04,instruction,Spring 2023
2023-04-05,instruction,Spring 2023
2023-04-06,instruction,Spring 2023
2023-04-07,instruction,Spring 2023
2023-04-08,instruction,Spring 2023
2023-04-09,instruction,Spring 2023
2023-04-10,instruction,Spring 2023
2023-04-11,instruction,Spring 2023
2023-04-12,instruction,Spring 2023
2023-04-13,instruction,Spring 2023
2023-04-14,instruction,Spring 2023
2023-04-15,instruction,Spring 2023
2023-04-16,instruction,Spring 2023
2023-04-17,instruction,Spring 2023
2023-04-18,instruction,Spring 2023
2023-04-19,instruction,Spring 2023
2023-04-20,instruction,Spring 2023
2023-04-21,instruction,Spring 2023
2023-04-22,instruction,Spring 2023
2023-04-23,instruction,Spring 2023
2023-04-24,instruction,Spring 2023
2023-04-25,instruction,Spring 2023
2023-04-26,instruction,Spring 2023
2023-04-27,instruction,Spring 2023
2023-04-28,instruction,Spring 2023
2023-04-29,instruction,Spring 2023
2023-04-30,instruction,Spring 2023
2023-05-01,rrr,Spring 2023 review week
2023-05-02,rrr,Spring 2023 review week
2023-05-03,rrr,Spring 2023 review week
2023-05-04,rrr,Spring 2023 review week
2023-05-05,rrr,Spring 2023 review week
2023-05-06,rrr,Spring 2023 review week
2023-05-07,rrr,Spring 2023 review week
2023-05-08,finals,Spring 2023 finals
2023-05-09,finals,Spring 2023 finals
2023-05-10,finals,Spring 2023 finals
2023-05-11,finals,Spring 2023 finals
2023-05-12,finals,Spring 2023 finals
2023-05-13,summer,Summer 2023
2023-05-14,summer,Summer 2023
2023-05-15,summer,Summer 2023
2023-05-16,summer,Summer 2023
2023-05-17,summer,Summer 2023
2023-05-18,summer,Summer 2023
2023-05-19,summer,Summer 2023
2023-05-20,summer,Summer 2023
2023-05-21,summer,Summer 2023
2023-05-22,summer,Summer 2023
2023-05-23,summer,Summer 2023
2023-05-24,summer,Summer 2023
2023-05-25,summer,Summer 2023
2023-05-26,summer,Summer 2023
2023-05-27,summer,Summer 2023
2023-05-28,summer,Summer 2023
2023-05-29,holiday,Memorial Day
2023-05-30,summer,Summer 2023
2023-05-31,summer,Summer 2023
2023-06-01,summer,Summer 2023
2023-06-02,summer,Summer 2023
2023-06-03,summer,Summer 2023
2023-06-04,summer,Summer 2023
2023-06-05,summer,Summer 2023
2023-06-06,summer,Summer 2023
2023-06-07,summer,Summer 2023
2023-06-08,summer,Summer 2023
2023-06-09,summer,Summer 2023
2023-06-10,summer,Summer 2023
2023-06-11,summer,Summer 2023
2023-06-12,summer,Summer 2023
2023-06-13,summer,Summer 2023
2023-06-14,summer,Summer 2023
2023-06-15,summer,Summer 2023
2023-06-16,summer,Summer 2023
2023-06-17,summer,Summer 2023
2023-06-18,summer,Summer 2023
2023-06-19,holiday,Juneteenth
2023-06-20,summer,Summer 2023
2023-06-21,summer,Summer 2023
2023-06-22,summer,Summer 2023
2023-06-23,summer,Summer 2023
2023-06-24,summer,Summer 2023
2023-06-25,summer,Summer 2023
2023-06-26,summer,Summer 2023
2023-06-27,summer,Summer 2023
2023-06-28,summer,Summer 2023
2023-06-29,summer,Summer 2023
2023-06-30,summer,Summer 2023
2023-07-01,summer,Summer 2023
2023-07-02,summer,Summer 2023
2023-07-03,summer,Summer 2023
2023-07-04,holiday,Independence Day
2023-07-05,summer,Summer 2023
2023-07-06,summer,Summer 2023
2023-07-07,summer,Summer 2023
2023-07-08,summer,Summer 2023
2023-07-09,summer,Summer 2023
2023-07-10,summer,Summer 2023
2023-07-11,summer,Summer 2023
2023-07-12,summer,Summer 2023
2023-07-13,summer,Summer 2023
2023-07-14,summer,Summer 2023
2023-07-15,summer,Summer 2023
2023-07-16,summer,Summer 2023
2023-07-17,summer,Summer 2023
2023-07-18,summer,Summer 2023
2023-07-19,summer,Summer 2023
2023-07-20,summer,Summer 2023
2023-07-21,summer,Summer 2023
2023-07-22,summer,Summer 2023
2023-07-23,summer,Summer 2023
2023-07-24,summer,Summer 2023
2023-07-25,summer,Summer 2023
2023-07-26,summer,Summer 2023
2023-07-27,summer,Summer 2023
2023-07-28,summer,Summer 2023
2023-07-29,summer,Summer 2023
2023-07-30,summer,Summer 2023
2023-07-31,summer,Summer 2023
2023-08-01,summer,Summer 2023
2023-08-02,summer,Summer 2023
2023-08-03,summer,Summer 2023
2023-08-04,summer,Summer 2023
2023-08-05,summer,Summer 2023
2023-08-06,summer,Summer 2023
2023-08-07,summer,Summer 2023
2023-08-08,summer,Summer 2023
2023-08-09,summer,Summer 2023
2023-08-10,summer,Summer 2023
2023-08-11,summer,Summer 2023
2023-08-12,summer,Summer 2023
2023-08-13,summer,Summer 2023
2023-08-14,summer,Summer 2023
2023-08-15,summer,Summer 2023
2023-08-16,instruction,Fall 2023
2023-08-17,instruction,Fall 2023
2023-08-18,instruction,Fall 2023
2023-08-19,instruction,Fall 2023
2023-08-20,instruction,Fall 2023
2023-08-21,instruction,Fall 2023
2023-08-22,instruction,Fall 2023
2023-08-23,instruction,Fall 2023
2023-08-24,instruction,Fall 2023
2023-08-25,instruction,Fall 2023
2023-08-26,instruction,Fall 2023
2023-08-27,instruction,Fall 2023
2023-08-28,instruction,Fall 2023
2023-08-29,instruction,Fall 2023
2023-08-30,instruction,Fall 2023
2023-08-31,instruction,Fall 2023
2023-09-01,instruction,Fall 2023
2023-09-02,instruction,Fall 2023
2023-09-03,instruction,Fall 2023
2023-09-04,holiday,Labor Day
2023-09-05,instruction,Fall 2023
2023-09-06,instruction,Fall 2023
2023-09-07,instruction,Fall 2023
2023-09-08,instruction,Fall 2023
2023-09-09,instruction,Fall 2023
2023-09-10,instruction,Fall 2023
2023-09-11,instruction,Fall 2023
2023-09-12,instruction,Fall 2023
2023-09-13,instruction,Fall 2023
2023-09-14,instruction,Fall 2023
2023-09-15,instruction,Fall 2023
2023-09-16,instruction,Fall 2023
2023-09-17,instruction,Fall 2023
2023-09-18,instruction,Fall 2023
2023-09-19,instruction,Fall 2023
2023-09-20,instruction,Fall 2023
2023-09-21,instruction,Fall 2023
2023-09-22,instruction,Fall 2023
2023-09-23,instruction,Fall 2023
2023-09-24,instruction,Fall 2023
2023-09-25,instruction,Fall 2023
2023-09-26,instruction,Fall 2023
2023-09-27,instruction,Fall 2023
2023-09-28,instruction,Fall 2023
2023-09-29,instruction,Fall 2023
2023-09-30,instruction,Fall 2023
2023-10-01,instruction,Fall 2023
2023-10-02,instruction,Fall 2023
2023-10-03,instruction,Fall 2023
2023-10-04,instruction,Fall 2023
2023-10-05,instruction,Fall 2023
2023-10-06,instruction,Fall 2023
2023-10-07,instruction,Fall 2023
2023-10-08,instruction,Fall 2023
2023-10-09,instruction,Fall 2023
2023-10-10,instruction,Fall 2023
2023-10-11,instruction,Fall 2023
2023-10-12,instruction,Fall 2023
2023-10-13,instruction,Fall 2023
2023-10-14,instruction,Fall 2023
2023-10-15,instruction,Fall 2023
2023-10-16,instruction,Fall 2023
2023-10-17,instruction,Fall 2023
2023-10-18,instruction,Fall 2023
2023-10-19,instruction,Fall 2023
2023-10-20,instruction,Fall 2023
2023-10-21,instruction,Fall 2023
2023-10-22,instruction,Fall 2023
2023-10-23,instruction,Fall 2023
2023-10-24,instruction,Fall 2023
2023-10-25,instruction,Fall 2023
2023-10-26,instruction,Fall 2023
2023-10-27,instruction,Fall 2023
2023-10-28,instruction,Fall 2023
2023-10-29,instruction,Fall 2023
2023-10-30,instruction,Fall 2023
2023-10-31,instruction,Fall 2023
2023-11-01,instruction,Fall 2023
2023-11-02,instruction,Fall 2023
2023-11-03,instruction,Fall 2023
2023-11-04,instruction,Fall 2023
2023-11-05,instruction,Fall 2023
2023-11-06,instruction,Fall 2023
2023-11-07,instruction,Fall 2023
2023-11-08,instruction,Fall 2023
2023-11-09,instruction,Fall 2023
2023-11-10,holiday,Veterans Day (observed)
2023-11-11,instruction,Fall 2023
2023-11-12,instruction,Fall 2023
2023-11-13,instruction,Fall 2023
2023-11-14,instruction,Fall 2023
2023-11-15,instruction,Fall 2023
2023-11-16,instruction,Fall 2023
2023-11-17,instruction,Fall 2023
2023-11-18,instruction,Fall 2023
2023-11-19,instruction,Fall 2023
2023-11-20,instruction,Fall 2023
2023-11-21,instruction,Fall 2023
2023-11-22,break,Thanksgiving break 2023
2023-11-23,holiday,Thanksgiving
2023-11-24,holiday,Day after Thanksgiving
2023-11-25,break,Thanksgiving break 2023
2023-11-26,break,Thanksgiving break 2023
2023-11-27,instruction,Fall 2023
2023-11-28,instruction,Fall 2023
2023-11-29,instruction,Fall 2023
2023-11-30,instruction,Fall 2023
2023-12-01,instruction,Fall 2023
2023-12-02,instruction,Fall 2023
2023-12-03,instruction,Fall 2023
2023-12-04,rrr,Fall 2023 review week
2023-12-05,rrr,Fall 2023 review week
2023-12-06,rrr,Fall 2023 review week
2023-12-07,rrr,Fall 2023 review week
2023-12-08,rrr,Fall 2023 review week
2023-12-09,rrr,Fall 2023 review week
2023-12-10,rrr,Fall 2023 review week
2023-12-11,finals,Fall 2023 finals
2023-12-12,finals,Fall 2023 finals
2023-12-13,finals,Fall 2023 finals
2023-12-14,finals,Fall 2023 finals
2023-12-15,finals,Fall 2023 finals
2023-12-16,break,Winter break 2023-24
2023-12-17,break,Winter break 2023-24
2023-12-18,break,Winter break 2023-24
2023-12-19,break,Winter break 2023-24
2023-12-20,break,Winter break 2023-24
2023-12-21,break,Winter break 2023-24
2023-12-22,break,Winter break 2023-24
2023-12-23,break,Winter break 2023-24
2023-12-24,break,Winter break 2023-24
2023-12-25,holiday,Christmas
2023-12-26,holiday,Winter holiday
2023-12-27,break,Winter break 2023-24
2023-12-28,break,Winter break 2023-24
2023-12-29,break,Winter break 2023-24
2023-12-30,break,Winter break 2023-24
2023-12-31,break,Winter break 2023-24
2024-01-01,holiday,New Year's Day
2024-01-02,holiday,Winter holiday
2024-01-03,break,Winter break 2023-24
2024-01-04,break,Winter break 2023-24
2024-01-05,break,Winter break 2023-24
2024-01-06,break,Winter break 2023-24
2024-01-07,break,Winter break 2023-24
2024-01-08,break,Winter break 2023-24
2024-01-09,instruction,Spring 2024
2024-01-10,instruction,Spring 2024
2024-01-11,instruction,Spring 2024
2024-01-12,instruction,Spring 2024
2024-01-13,instruction,Spring 2024
2024-01-14,instruction,Spring 2024
2024-01-15,holiday,Martin Luther King Jr. Day
2024-01-16,instruction,Spring 2024
2024-01-17,instruction,Spring 2024
2024-01-18,instruction,Spring 2024
2024-01-19,instruction,Spring 2024
2024-01-20,instruction,Spring 2024
2024-01-21,instruction,Spring 2024
2024-01-22,instruction,Spring 2024
2024-01-23,instruction,Spring 2024
2024-01-24,instruction,Spring 2024
2024-01-25,instruction,Spring 2024
2024-01-26,instruction,Spring 2024
2024-01-27,instruction,Spring 2024
2024-01-28,instruction,Spring 2024
2024-01-29,instruction,Spring 2024
2024-01-30,instruction,Spring 2024
2024-01-31,instruction,Spring 2024
2024-02-01,instruction,Spring 2024
2024-02-02,instruction,Spring 2024
2024-02-03,instruction,Spring 2024
2024-02-04,instruction,Spring 2024
2024-02-05,instruction,Spring 2024
2024-02-06,instruction,Spring 2024
2024-02-07,instruction,Spring 2024
2024-02-08,instruction,Spring 2024
2024-02-09,instruction,Spring 2024
2024-02-10,instruction,Spring 2024
2024-02-11,instruction,Spring 2024
2024-02-12,instruction,Spring 2024
2024-02-13,instruction,Spring 2024
2024-02-14,instruction,Spring 2024
2024-02-15,instruction,Spring 2024
2024-02-16,instruction,Spring 2024
2024-02-17,instruction,Spring 2024
2024-02-18,instruction,Spring 2024
2024-02-19,holiday,Presidents' Day
2024-02-20,instruction,Spring 2024
2024-02-21,instruction,Spring 2024
2024-02-22,instruction,Spring 2024
2024-02-23,instruction,Spring 2024
2024-02-24,instruction,Spring 2024
2024-02-25,instruction,Spring 2024
2024-02-26,instruction,Spring 2024
2024-02-27,instruction,Spring 2024
2024-02-28,instruction,Spring 2024
2024-02-29,instruction,Spring 2024
2024-03-01,instruction,Spring 2024
2024-03-02,instruction,Spring 2024
2024-03-03,instruction,Spring 2024
2024-03-04,instruction,Spring 2024
2024-03-05,instruction,Spring 2024
2024-03-06,instruction,Spring 2024
2024-03-07,instruction,Spring 2024
2024-03-08,instruction,Spring 2024
2024-03-09,instruction,Spring 2024
2024-03-10,instruction,Spring 2024
2024-03-11,instruction,Spring 2024
2024-03-12,instruction,Spring 2024
2024-03-13,instruction,Spring 2024
2024-03-14,instruction,Spring 2024
2024-03-15,instruction,Spring 2024
2024-03-16,instruction,Spring 2024
2024-03-17,instruction,Spring 2024
2024-03-18,instruction,Spring 2024
2024-03-19,instruction,Spring 2024
2024-03-20,instruction,Spring 2024
2024-03-21,instruction,Spring 2024
2024-03-22,instruction,Spring 2024
2024-03-23,break,Spring recess 2024
2024-03-24,break,Spring recess 2024
2024-03-25,break,Spring recess 2024
2024-03-26,break,Spring recess 2024
2024-03-27,break,Spring recess 2024
2024-03-28,break,Spring recess 2024
2024-03-29,holiday,Cesar Chavez Day
2024-03-30,break,Spring recess 2024
2024-03-31,break,Spring recess 2024
2024-04-01,instruction,Spring 2024
2024-04-02,instruction,Spring 2024
2024-04-03,instruction,Spring 2024
2024-04-04,instruction,Spring 2024
2024-04-05,instruction,Spring 2024
2024-04-06,instruction,Spring 2024
2024-04-07,instruction,Spring 2024
2024-04-08,instruction,Spring 2024
2024-04-09,instruction,Spring 2024
2024-04-10,instruction,Spring 2024
2024-04-11,instruction,Spring 2024
2024-04-12,instruction,Spring 2024
2024-04-13,instruction,Spring 2024
2024-04-14,instruction,Spring 2024
2024-04-15,instruction,Spring 2024
2024-04-16,instruction,Spring 2024
2024-04-17,instruction,Spring 2024
2024-04-18,instruction,Spring 2024
2024-04-19,instruction,Spring 2024
2024-04-20,instruction,Spring 2024
2024-04-21,instruction,Spring 2024
2024-04-22,instruction,Spring 2024
2024-04-23,instruction,Spring 2024
2024-04-24,instruction,Spring 2024
2024-04-25,instruction,Spring 2024
2024-04-26,instruction,Spring 2024
2024-04-27,instruction,Spring 2024
2024-04-28,instruction,Spring 2024
2024-04-29,rrr,Spring 2024 review week
2024-04-30,rrr,Spring 2024 review week
2024-05-01,rrr,Spring 2024 review week
2024-05-02,rrr,Spring 2024 review week
2024-05-03,rrr,Spring 2024 review week
2024-05-04,rrr,Spring 2024 review week
2024-05-05,rrr,Spring 2024 review week
2024-05-06,finals,Spring 2024 finals
2024-05-07,finals,Spring 2024 finals
2024-05-08,finals,Spring 2024 finals
2024-05-09,finals,Spring 2024 finals
2024-05-10,finals,Spring 2024 finals
2024-05-11,summer,Summer 2024
2024-05-12,summer,Summer 2024
2024-05-13,summer,Summer 2024
2024-05-14,summer,Summer 2024
2024-05-15,summer,Summer 2024
2024-05-16,summer,Summer 2024
2024-05-17,summer,Summer 2024
2024-05-18,summer,Summer 2024
2024-05-19,summer,Summer 2024
2024-05-20,summer,Summer 2024
2024-05-21,summer,Summer 2024
2024-05-22,summer,Summer 2024
2024-05-23,summer,Summer 2024
2024-05-24,summer,Summer 2024
2024-05-25,summer,Summer 2024
2024-05-26,summer,Summer 2024
2024-05-27,holiday,Memorial Day
2024-05-28,summer,Summer 2024
2024-05-29,summer,Summer 2024
2024-05-30,summer,Summer 2024
2024-05-31,summer,Summer 2024
2024-06-01,summer,Summer 2024
2024-06-02,summer,Summer 2024
2024-06-03,summer,Summer 2024
2024-06-04,summer,Summer 2024
2024-06-05,summer,Summer 2024
2024-06-06,summer,Summer 2024
2024-06-07,summer,Summer 2024
2024-06-08,summer,Summer 2024
2024-06-09,summer,Summer 2024
2024-06-10,summer,Summer 2024
2024-06-11,summer,Summer 2024
2024-06-12,summer,Summer 2024
2024-06-13,summer,Summer 2024
2024-06-14,summer,Summer 2024
2024-06-15,summer,Summer 2024
2024-06-16,summer,Summer 2024
2024-06-17,summer,Summer 2024
2024-06-18,summer,Summer 2024
2024-06-19,holiday,Juneteenth
2024-06-20,summer,Summer 2024
2024-06-21,summer,Summer 2024
2024-06-22,summer,Summer 2024
2024-06-23,summer,Summer 2024
2024-06-24,summer,Summer 2024
2024-06-25,summer,Summer 2024
2024-06-26,summer,Summer 2024
2024-06-27,summer,Summer 2024
2024-06-28,summer,Summer 2024
2024-06-29,summer,Summer 2024
2024-06-30,summer,Summer 2024
2024-07-01,summer,Summer 2024
2024-07-02,summer,Summer 2024
2024-07-03,summer,Summer 2024
2024-07-04,holiday,Independence Day
2024-07-05,summer,Summer 2024
2024-07-06,summer,Summer 2024
2024-07-07,summer,Summer 2024
2024-07-08,summer,Summer 2024
2024-07-09,summer,Summer 2024
2024-07-10,summer,Summer 2024
2024-07-11,summer,Summer 2024
2024-07-12,summer,Summer 2024
2024-07-13,summer,Summer 2024
2024-07-14,summer,Summer 2024
2024-07-15,summer,Summer 2024
2024-07-16,summer,Summer 2024
2024-07-17,summer,Summer 2024
2024-07-18,summer,Summer 2024
2024-07-19,summer,Summer 2024
2024-07-20,summer,Summer 2024
2024-07-21,summer,Summer 2024
2024-07-22,summer,Summer 2024
2024-07-23,summer,Summer 2024
2024-07-24,summer,Summer 2024
2024-07-25,summer,Summer 2024
2024-07-26,summer,Summer 2024
2024-07-27,summer,Summer 2024
2024-07-28,summer,Summer 2024
2024-07-29,summer,Summer 2024
2024-07-30,summer,Summer 2024
2024-07-31,summer,Summer 2024
2024-08-01,summer,Summer 2024
2024-08-02,summer,Summer 2024
2024-08-03,summer,Summer 2024
2024-08-04,summer,Summer 2024
2024-08-05,summer,Summer 2024
2024-08-06,summer,Summer 2024
2024-08-07,summer,Summer 2024
2024-08-08,summer,Summer 2024
2024-08-09,summer,Summer 2024
2024-08-10,summer,Summer 2024
2024-08-11,summer,Summer 2024
2024-08-12,summer,Summer 2024
2024-08-13,summer,Summer 2024
2024-08-14,summer,Summer 2024
2024-08-15,summer,Summer 2024
2024-08-16,summer,Summer 2024
2024-08-17,summer,Summer 2024
2024-08-18,summer,Summer 2024
2024-08-19,summer,Summer 2024
2024-08-20,summer,Summer 2024
2024-08-21,instruction,Fall 2024
2024-08-22,instruction,Fall 2024
2024-08-23,instruction,Fall 2024
2024-08-24,instruction,Fall 2024
2024-08-25,instruction,Fall 2024
2024-08-26,instruction,Fall 2024
2024-08-27,instruction,Fall 2024
2024-08-28,instruction,Fall 2024
2024-08-29,instruction,Fall 2024
2024-08-30,instruction,Fall 2024
2024-08-31,instruction,Fall 2024
2024-09-01,instruction,Fall 2024
2024-09-02,holiday,Labor Day
2024-09-03,instruction,Fall 2024
2024-09-04,instruction,Fall 2024
2024-09-05,instruction,Fall 2024
2024-09-06,instruction,Fall 2024
2024-09-07,instruction,Fall 2024
2024-09-08,instruction,Fall 2024
2024-09-09,instruction,Fall 2024
2024-09-10,instruction,Fall 2024
2024-09-11,instruction,Fall 2024
2024-09-12,instruction,Fall 2024
2024-09-13,instruction,Fall 2024
2024-09-14,instruction,Fall 2024
2024-09-15,instruction,Fall 2024
2024-09-16,instruction,Fall 2024
2024-09-17,instruction,Fall 2024
2024-09-18,instruction,Fall 2024
2024-09-19,instruction,Fall 2024
2024-09-20,instruction,Fall 2024
2024-09-21,instruction,Fall 2024
2024-09-22,instruction,Fall 2024
2024-09-23,instruction,Fall 2024
2024-09-24,instruction,Fall 2024
2024-09-25,instruction,Fall 2024
2024-09-26,instruction,Fall 2024
2024-09-27,instruction,Fall 2024
2024-09-28,instruction,Fall 2024
2024-09-29,instruction,Fall 2024
2024-09-30,instruction,Fall 2024
2024-10-01,instruction,Fall 2024
2024-10-02,instruction,Fall 2024
2024-10-03,instruction,Fall 2024
2024-10-04,instruction,Fall 2024
2024-10-05,instruction,Fall 2024
2024-10-06,instruction,Fall 2024
2024-10-07,instruction,Fall 2024
2024-10-08,instruction,Fall 2024
2024-10-09,instruction,Fall 2024
2024-10-10,instruction,Fall 2024
2024-10-11,instruction,Fall 2024
2024-10-12,instruction,Fall 2024
2024-10-13,instruction,Fall 2024
2024-10-14,instruction,Fall 2024
2024-10-15,instruction,Fall 2024
2024-10-16,instruction,Fall 2024
2024-10-17,instruction,Fall 2024
2024-10-18,instruction,Fall 2024
2024-10-19,instruction,Fall 2024
2024-10-20,instruction,Fall 2024
2024-10-21,instruction,Fall 2024
2024-10-22,instruction,Fall 2024
2024-10-23,instruction,Fall 2024
2024-10-24,instruction,Fall 2024
2024-10-25,instruction,Fall 2024
2024-10-26,instruction,Fall 2024
2024-10-27,instruction,Fall 2024
2024-10-28,instruction,Fall 2024
2024-10-29,instruction,Fall 2024
2024-10-30,instruction,Fall 2024
2024-10-31,instruction,Fall 2024
2024-11-01,instruction,Fall 2024
2024-11-02,instruction,Fall 2024
2024-11-03,instruction,Fall 2024
2024-11-04,instruction,Fall 2024
2024-11-05,instruction,Fall 2024
2024-11-06,instruction,Fall 2024
2024-11-07,instruction,Fall 2024
2024-11-08,instruction,Fall 2024
2024-11-09,instruction,Fall 2024
2024-11-10,instruction,Fall 2024
2024-11-11,holiday,Veterans Day
2024-11-12,instruction,Fall 2024
2024-11-13,instruction,Fall 2024
2024-11-14,instruction,Fall 2024
2024-11-15,instruction,Fall 2024
2024-11-16,instruction,Fall 2024
2024-11-17,instruction,Fall 2024
2024-11-18,instruction,Fall 2024
2024-11-19,instruction,Fall 2024
2024-11-20,instruction,Fall 2024
2024-11-21,instruction,Fall 2024
2024-11-22,instruction,Fall 2024
2024-11-23,instruction,Fall 2024
2024-11-24,instruction,Fall 2024
2024-11-25,instruction,Fall 2024
2024-11-26,instruction,Fall 2024
2024-11-27,break,Thanksgiving break 2024
2024-11-28,holiday,Thanksgiving
2024-11-29,holiday,Day after Thanksgiving
2024-11-30,break,Thanksgiving break 2024
2024-12-01,break,Thanksgiving break 2024
2024-12-02,instruction,Fall 2024
2024-12-03,instruction,Fall 2024
2024-12-04,instruction,Fall 2024
2024-12-05,instruction,Fall 2024
2024-12-06,instruction,Fall 2024
2024-12-07,instruction,Fall 2024
2024-12-08,instruction,Fall 2024
2024-12-09,rrr,Fall 2024 review week
2024-12-10,rrr,Fall 2024 review week
2024-12-11,rrr,Fall 2024 review week
2024-12-12,rrr,Fall 2024 review week
2024-12-13,rrr,Fall 2024 review week
2024-12-14,rrr,Fall 2024 review week
2024-12-15,rrr,Fall 2024 review week
2024-12-16,finals,Fall 2024 finals
2024-12-17,finals,Fall 2024 finals
2024-12-18,finals,Fall 2024 finals
2024-12-19,finals,Fall 2024 finals
2024-12-20,finals,Fall 2024 finals
2024-12-21,break,Winter break 2024-25
2024-12-22,break,Winter break 2024-25
2024-12-23,break,Winter break 2024-25
2024-12-24,holiday,Winter holiday
2024-12-25,holiday,Christmas
2024-12-26,break,Winter break 2024-25
2024-12-27,break,Winter break 2024-25
2024-12-28,break,Winter break 2024-25
2024-12-29,break,Winter break 2024-25
2024-12-30,break,Winter break 2024-25
2024-12-31,holiday,Winter holiday
2025-01-01,holiday,New Year's Day
2025-01-02,break,Winter break 2024-25
2025-01-03,break,Winter break 2024-25
2025-01-04,break,Winter break 2024-25
2025-01-05,break,Winter break 2024-25
2025-01-06,break,Winter break 2024-25
2025-01-07,break,Winter break 2024-25
2025-01-08,break,Winter break 2024-25
2025-01-09,break,Winter break 2024-25
2025-01-10,break,Winter break 2024-25
2025-01-11,break,Winter break 2024-25
2025-01-12,break,Winter break 2024-25
2025-01-13,break,Winter break 2024-25
2025-01-14,instruction,Spring 2025
2025-01-15,instruction,Spring 2025
2025-01-16,instruction,Spring 2025
2025-01-17,instruction,Spring 2025
2025-01-18,instruction,Spring 2025
2025-01-19,instruction,Spring 2025
2025-01-20,holiday,Martin Luther King Jr. Day
2025-01-21,instruction,Spring 2025
2025-01-22,instruction,Spring 2025
2025-01-23,instruction,Spring 2025
2025-01-24,instruction,Spring 2025
2025-01-25,instruction,Spring 2025
2025-01-26,instruction,Spring 2025
2025-01-27,instruction,Spring 2025
2025-01-28,instruction,Spring 2025
2025-01-29,instruction,Spring 2025
2025-01-30,instruction,Spring 2025
2025-01-31,instruction,Spring 2025
2025-02-01,instruction,Spring 2025
2025-02-02,instruction,Spring 2025
2025-02-03,instruction,Spring 2025
2025-02-04,instruction,Spring 2025
2025-02-05,instruction,Spring 2025
2025-02-06,instruction,Spring 2025
2025-02-07,instruction,Spring 2025
2025-02-08,instruction,Spring 2025
2025-02-09,instruction,Spring 2025
2025-02-10,instruction,Spring 2025
2025-02-11,instruction,Spring 2025
2025-02-12,instruction,Spring 2025
2025-02-13,instruction,Spring 2025
2025-02-14,instruction,Spring 2025
2025-02-15,instruction,Spring 2025
2025-02-16,instruction,Spring 2025
2025-02-17,holiday,Presidents' Day
2025-02-18,instruction,Spring 2025
2025-02-19,instruction,Spring 2025
2025-02-20,instruction,Spring 2025
2025-02-21,instruction,Spring 2025
2025-02-22,instruction,Spring 2025
2025-02-23,instruction,Spring 2025
2025-02-24,instruction,Spring 2025
2025-02-25,instruction,Spring 2025
2025-02-26,instruction,Spring 2025
2025-02-27,instruction,Spring 2025
2025-02-28,instruction,Spring 2025
2025-03-01,instruction,Spring 2025
2025-03-02,instruction,Spring 2025
2025-03-03,instruction,Spring 2025
2025-03-04,instruction,Spring 2025
2025-03-05,instruction,Spring 2025
2025-03-06,instruction,Spring 2025
2025-03-07,instruction,Spring 2025
2025-03-08,instruction,Spring 2025
2025-03-09,instruction,Spring 2025
2025-03-10,instruction,Spring 2025
2025-03-11,instruction,Spring 2025
2025-03-12,instruction,Spring 2025
2025-03-13,instruction,Spring 2025
2025-03-14,instruction,Spring 2025
2025-03-15,instruction,Spring 2025
2025-03-16,instruction,Spring 2025
2025-03-17,instruction,Spring 2025
2025-03-18,instruction,Spring 2025
2025-03-19,instruction,Spring 2025
2025-03-20,instruction,Spring 2025
2025-03-21,instruction,Spring 2025
2025-03-22,break,Spring recess 2025
2025-03-23,break,Spring recess 2025
2025-03-24,break,Spring recess 2025
2025-03-25,break,Spring recess 2025
2025-03-26,break,Spring recess 2025
2025-03-27,break,Spring recess 2025
2025-03-28,holiday,Cesar Chavez Day
2025-03-29,break,Spring recess 2025
2025-03-30,break,Spring recess 2025
2025-03-31,instruction,Spring 2025
2025-04-01,instruction,Spring 2025
2025-04-02,instruction,Spring 2025
2025-04-03,instruction,Spring 2025
2025-04-04,instruction,Spring 2025
2025-04-05,instruction,Spring 2025
2025-04-06,instruction,Spring 2025
2025-04-07,instruction,Spring 2025
2025-04-08,instruction,Spring 2025
2025-04-09,instruction,Spring 2025
2025-04-10,instruction,Spring 2025
2025-04-11,instruction,Spring 2025
2025-04-12,instruction,Spring 2025
2025-04-13,instruction,Spring 2025
2025-04-14,instruction,Spring 2025
2025-04-15,instruction,Spring 2025
2025-04-16,instruction,Spring 2025
2025-04-17,instruction,Spring 2025
2025-04-18,instruction,Spring 2025
2025-04-19,instruction,Spring 2025
2025-04-20,instruction,Spring 2025
2025-04-21,instruction,Spring 2025
2025-04-22,instruction,Spring 2025
2025-04-23,instruction,Spring 2025
2025-04-24,instruction,Spring 2025
2025-04-25,instruction,Spring 2025
2025-04-26,instruction,Spring 2025
2025-04-27,instruction,Spring 2025
2025-04-28,instruction,Spring 2025
2025-04-29,instruction,Spring 2025
2025-04-30,instruction,Spring 2025
2025-05-01,instruction,Spring 2025
2025-05-02,instruction,Spring 2025
2025-05-03,instruction,Spring 2025
2025-05-04,instruction,Spring 2025
2025-05-05,rrr,Spring 2025 review week
2025-05-06,rrr,Spring 2025 review week
2025-05-07,rrr,Spring 2025 review week
2025-05-08,rrr,Spring 2025 review week
2025-05-09,rrr,Spring 2025 review week
2025-05-10,rrr,Spring 2025 review week
2025-05-11,rrr,Spring 2025 review week
2025-05-12,finals,Spring 2025 finals
2025-05-13,finals,Spring 2025 finals
2025-05-14,finals,Spring 2025 finals
2025-05-15,finals,Spring 2025 finals
2025-05-16,finals,Spring 2025 finals
2025-05-17,summer,Summer 2025
2025-05-18,summer,Summer 2025
2025-05-19,summer,Summer 2025
2025-05-20,summer,Summer 2025
2025-05-21,summer,Summer 2025
2025-05-22,summer,Summer 2025
2025-05-23,summer,Summer 2025
2025-05-24,summer,Summer 2025
2025-05-25,summer,Summer 2025
2025-05-26,holiday,Memorial Day
2025-05-27,summer,Summer 2025
2025-05-28,summer,Summer 2025
2025-05-29,summer,Summer 2025
2025-05-30,summer,Summer 2025
2025-05-31,summer,Summer 2025
2025-06-01,summer,Summer 2025
2025-06-02,summer,Summer 2025
2025-06-03,summer,Summer 2025
2025-06-04,summer,Summer 2025
2025-06-05,summer,Summer 2025
2025-06-06,summer,Summer 2025
2025-06-07,summer,Summer 2025
2025-06-08,summer,Summer 2025
2025-06-09,summer,Summer 2025
2025-06-10,summer,Summer 2025
2025-06-11,summer,Summer 2025
2025-06-12,summer,Summer 2025
2025-06-13,summer,Summer 2025
2025-06-14,summer,Summer 2025
2025-06-15,summer,Summer 2025
2025-06-16,summer,Summer 2025
2025-06-17,summer,Summer 2025
2025-06-18,summer,Summer 2025
2025-06-19,holiday,Juneteenth
2025-06-20,summer,Summer 2025
2025-06-21,summer,Summer 2025
2025-06-22,summer,Summer 2025
2025-06-23,summer,Summer 2025
2025-06-24,summer,Summer 2025
2025-06-25,summer,Summer 2025
2025-06-26,summer,Summer 2025
2025-06-27,summer,Summer 2025
2025-06-28,summer,Summer 2025
2025-06-29,summer,Summer 2025
2025-06-30,summer,Summer 2025
2025-07-01,summer,Summer 2025
2025-07-02,summer,Summer 2025
2025-07-03,summer,Summer 2025
2025-07-04,holiday,Independence Day
2025-07-05,summer,Summer 2025
2025-07-06,summer,Summer 2025
2025-07-07,summer,Summer 2025
2025-07-08,summer,Summer 2025
2025-07-09,summer,Summer 2025
2025-07-10,summer,Summer 2025
2025-07-11,summer,Summer 2025
2025-07-12,summer,Summer 2025
2025-07-13,summer,Summer 2025
2025-07-14,summer,Summer 2025
2025-07-15,summer,Summer 2025
2025-07-16,summer,Summer 2025
2025-07-17,summer,Summer 2025
2025-07-18,summer,Summer 2025
2025-07-19,summer,Summer 2025
2025-07-20,summer,Summer 2025
2025-07-21,summer,Summer 2025
2025-07-22,summer,Summer 2025
2025-07-23,summer,Summer 2025
2025-07-24,summer,Summer 2025
2025-07-25,summer,Summer 2025
2025-07-26,summer,Summer 2025
2025-07-27,summer,Summer 2025
2025-07-28,summer,Summer 2025
2025-07-29,summer,Summer 2025
2025-07-30,summer,Summer 2025
2025-07-31,summer,Summer 2025
2025-08-01,summer,Summer 2025
2025-08-02,summer,Summer 2025
2025-08-03,summer,Summer 2025
2025-08-04,summer,Summer 2025
2025-08-05,summer,Summer 2025
2025-08-06,summer,Summer 2025
2025-08-07,summer,Summer 2025
2025-08-08,summer,Summer 2025
2025-08-09,summer,Summer 2025
2025-08-10,summer,Summer 2025
2025-08-11,summer,Summer 2025
2025-08-12,summer,Summer 2025
2025-08-13,summer,Summer 2025
2025-08-14,summer,Summer 2025
2025-08-15,summer,Summer 2025
2025-08-16,summer,Summer 2025
2025-08-17,summer,Summer 2025
2025-08-18,summer,Summer 2025
2025-08-19,summer,Summer 2025
2025-08-20,instruction,Fall 2025
2025-08-21,instruction,Fall 2025
2025-08-22,instruction,Fall 2025
2025-08-23,instruction,Fall 2025
2025-08-24,instruction,Fall 2025
2025-08-25,instruction,Fall 2025
2025-08-26,instruction,Fall 2025
2025-08-27,instruction,Fall 2025
2025-08-28,instruction,Fall 2025
2025-08-29,instruction,Fall 2025
2025-08-30,instruction,Fall 2025
2025-08-31,instruction,Fall 2025
2025-09-01,holiday,Labor Day
2025-09-02,instruction,Fall 2025
2025-09-03,instruction,Fall 2025
2025-09-04,instruction,Fall 2025
2025-09-05,instruction,Fall 2025
2025-09-06,instruction,Fall 2025
2025-09-07,instruction,Fall 2025
2025-09-08,instruction,Fall 2025
2025-09-09,instruction,Fall 2025
2025-09-10,instruction,Fall 2025
2025-09-11,instruction,Fall 2025
2025-09-12,instruction,Fall 2025
2025-09-13,instruction,Fall 2025
2025-09-14,instruction,Fall 2025
2025-09-15,instruction,Fall 2025
2025-09-16,instruction,Fall 2025
2025-09-17,instruction,Fall 2025
2025-09-18,instruction,Fall 2025
2025-09-19,instruction,Fall 2025
2025-09-20,instruction,Fall 2025
2025-09-21,instruction,Fall 2025
2025-09-22,instruction,Fall 2025
2025-09-23,instruction,Fall 2025
2025-09-24,instruction,Fall 2025
2025-09-25,instruction,Fall 2025
2025-09-26,instruction,Fall 2025
2025-09-27,instruction,Fall 2025
2025-09-28,instruction,Fall 2025
2025-09-29,instruction,Fall 2025
2025-09-30,instruction,Fall 2025
2025-10-01,instruction,Fall 2025
2025-10-02,instruction,Fall 2025
2025-10-03,instruction,Fall 2025
2025-10-04,instruction,Fall 2025
2025-10-05,instruction,Fall 2025
2025-10-06,instruction,Fall 2025
2025-10-07,instruction,Fall 2025
2025-10-08,instruction,Fall 2025
2025-10-09,instruction,Fall 2025
2025-10-10,instruction,Fall 2025
2025-10-11,instruction,Fall 2025
2025-10-12,instruction,Fall 2025
2025-10-13,instruction,Fall 2025
2025-10-14,instruction,Fall 2025
2025-10-15,instruction,Fall 2025
2025-10-16,instruction,Fall 2025
2025-10-17,instruction,Fall 2025
2025-10-18,instruction,Fall 2025
2025-10-19,instruction,Fall 2025
2025-10-20,instruction,Fall 2025
2025-10-21,instruction,Fall 2025
2025-10-22,instruction,Fall 2025
2025-10-23,instruction,Fall 2025
2025-10-24,instruction,Fall 2025
2025-10-25,instruction,Fall 2025
2025-10-26,instruction,Fall 2025
2025-10-27,instruction,Fall 2025
2025-10-28,instruction,Fall 2025
2025-10-29,instruction,Fall 2025
2025-10-30,instruction,Fall 2025
2025-10-31,instruction,Fall 2025
2025-11-01,instruction,Fall 2025
2025-11-02,instruction,Fall 2025
2025-11-03,instruction,Fall 2025
2025-11-04,instruction,Fall 2025
2025-11-05,instruction,Fall 2025
2025-11-06,instruction,Fall 2025
2025-11-07,instruction,Fall 2025
2025-11-08,instruction,Fall 2025
2025-11-09,instruction,Fall 2025
2025-11-10,instruction,Fall 2025
2025-11-11,holiday,Veterans Day
2025-11-12,instruction,Fall 2025
2025-11-13,instruction,Fall 2025
2025-11-14,instruction,Fall 2025
2025-11-15,instruction,Fall 2025
2025-11-16,instruction,Fall 2025
2025-11-17,instruction,Fall 2025
2025-11-18,instruction,Fall 2025
2025-11-19,instruction,Fall 2025
2025-11-20,instruction,Fall 2025
2025-11-21,instruction,Fall 2025
2025-11-22,instruction,Fall 2025
2025-11-23,instruction,Fall 2025
2025-11-24,instruction,Fall 2025
2025-11-25,instruction,Fall 2025
2025-11-26,break,Thanksgiving break 2025
2025-11-27,holiday,Thanksgiving
2025-11-28,holiday,Day after Thanksgiving
2025-11-29,break,Thanksgiving break 2025
2025-11-30,break,Thanksgiving break 2025
2025-12-01,instruction,Fall 2025
2025-12-02,instruction,Fall 2025
2025-12-03,instruction,Fall 2025
2025-12-04,instruction,Fall 2025
2025-12-05,instruction,Fall 2025
2025-12-06,instruction,Fall 2025
2025-12-07,instruction,Fall 2025
2025-12-08,rrr,Fall 2025 review week
2025-12-09,rrr,Fall 2025 review week
2025-12-10,rrr,Fall 2025 review week
2025-12-11,rrr,Fall 2025 review week
2025-12-12,rrr,Fall 2025 review week
2025-12-13,rrr,Fall 2025 review week
2025-12-14,rrr,Fall 2025 review week
2025-12-15,finals,Fall 2025 finals
2025-12-16,finals,Fall 2025 finals
2025-12-17,finals,Fall 2025 finals
2025-12-18,finals,Fall 2025 finals
2025-12-19,finals,Fall 2025 finals
2025-12-20,break,Winter break 2025-26
2025-12-21,break,Winter break 2025-26
2025-12-22,break,Winter break 2025-26
2025-12-23,break,Winter break 2025-26
2025-12-24,holiday,Winter holiday
2025-12-25,holiday,Christmas
2025-12-26,break,Winter break 2025-26
2025-12-27,break,Winter break 2025-26
2025-12-28,break,Winter break 2025-26
2025-12-29,break,Winter break 2025-26
2025-12-30,break,Winter break 2025-26
2025-12-31,holiday,Winter holiday
2026-01-01,holiday,New Year's Day
2026-01-02,break,Winter break 2025-26
2026-01-03,break,Winter break 2025-26
2026-01-04,break,Winter break 2025-26
2026-01-05,break,Winter break 2025-26
2026-01-06,break,Winter break 2025-26
2026-01-07,break,Winter break 2025-26
2026-01-08,break,Winter break 2025-26
2026-01-09,break,Winter break 2025-26
2026-01-10,break,Winter break 2025-26
2026-01-11,break,Winter break 2025-26
2026-01-12,break,Winter break 2025-26
2026-01-13,instruction,Spring 2026
2026-01-14,instruction,Spring 2026
2026-01-15,instruction,Spring 2026
2026-01-16,instruction,Spring 2026
2026-01-17,instruction,Spring 2026
2026-01-18,instruction,Spring 2026
2026-01-19,holiday,Martin Luther King Jr. Day
2026-01-20,instruction,Spring 2026
2026-01-21,instruction,Spring 2026
2026-01-22,instruction,Spring 2026
2026-01-23,instruction,Spring 2026
2026-01-24,instruction,Spring 2026
2026-01-25,instruction,Spring 2026
2026-01-26,instruction,Spring 2026
2026-01-27,instruction,Spring 2026
2026-01-28,instruction,Spring 2026
2026-01-29,instruction,Spring 2026
2026-01-30,instruction,Spring 2026
2026-01-31,instruction,Spring 2026
2026-02-01,instruction,Spring 2026
2026-02-02,instruction,Spring 2026
2026-02-03,instruction,Spring 2026
2026-02-04,instruction,Spring 2026
2026-02-05,instruction,Spring 2026
2026-02-06,instruction,Spring 2026
2026-02-07,instruction,Spring 2026
2026-02-08,instruction,Spring 2026
2026-02-09,instruction,Spring 2026
2026-02-10,instruction,Spring 2026
2026-02-11,instruction,Spring 2026
2026-02-12,instruction,Spring 2026
2026-02-13,instruction,Spring 2026
2026-02-14,instruction,Spring 2026
2026-02-15,instruction,Spring 2026
2026-02-16,holiday,Presidents' Day
2026-02-17,instruction,Spring 2026
2026-02-18,instruction,Spring 2026
2026-02-19,instruction,Spring 2026
2026-02-20,instruction,Spring 2026
2026-02-21,instruction,Spring 2026
2026-02-22,instruction,Spring 2026
2026-02-23,instruction,Spring 2026
2026-02-24,instruction,Spring 2026
2026-02-25,instruction,Spring 2026
2026-02-26,instruction,Spring 2026
2026-02-27,instruction,Spring 2026
2026-02-28,instruction,Spring 2026
2026-03-01,instruction,Spring 2026
2026-03-02,instruction,Spring 2026
2026-03-03,instruction,Spring 2026
2026-03-04,instruction,Spring 2026
2026-03-05,instruction,Spring 2026
2026-03-06,instruction,Spring 2026
2026-03-07,instruction,Spring 2026
2026-03-08,instruction,Spring 2026
2026-03-09,instruction,Spring 2026
2026-03-10,instruction,Spring 2026
2026-03-11,instruction,Spring 2026
2026-03-12,instruction,Spring 2026
2026-03-13,instruction,Spring 2026
2026-03-14,instruction,Spring 2026
2026-03-15,instruction,Spring 2026
2026-03-16,instruction,Spring 2026
2026-03-17,instruction,Spring 2026
2026-03-18,instruction,Spring 2026
2026-03-19,instruction,Spring 2026
2026-03-20,instruction,Spring 2026
2026-03-21,break,Spring recess 2026
2026-03-22,break,Spring recess 2026
2026-03-23,break,Spring recess 2026
2026-03-24,break,Spring recess 2026
2026-03-25,break,Spring recess 2026
2026-03-26,break,Spring recess 2026
2026-03-27,holiday,Cesar Chavez Day
2026-03-28,break,Spring recess 2026
2026-03-29,break,Spring recess 2026
2026-03-30,instruction,Spring 2026
2026-03-31,instruction,Spring 2026
2026-04-01,instruction,Spring 2026
2026-04-02,instruction,Spring 2026
2026-04-03,instruction,Spring 2026
2026-04-04,instruction,Spring 2026
2026-04-05,instruction,Spring 2026
2026-04-06,instruction,Spring 2026
2026-04-07,instruction,Spring 2026
2026-04-08,instruction,Spring 2026
2026-04-09,instruction,Spring 2026
2026-04-10,instruction,Spring 2026
2026-04-11,instruction,Spring 2026
2026-04-12,instruction,Spring 2026
2026-04-13,instruction,Spring 2026
2026-04-14,instruction,Spring 2026
2026-04-15,instruction,Spring 2026
2026-04-16,instruction,Spring 2026
2026-04-17,instruction,Spring 2026
2026-04-18,instruction,Spring 2026
2026-04-19,instruction,Spring 2026
2026-04-20,instruction,Spring 2026
2026-04-21,instruction,Spring 2026
2026-04-22,instruction,Spring 2026
2026-04-23,instruction,Spring 2026
2026-04-24,instruction,Spring 2026
2026-04-25,instruction,Spring 2026
2026-04-26,instruction,Spring 2026
2026-04-27,instruction,Spring 2026
2026-04-28,instruction,Spring 2026
2026-04-29,instruction,Spring 2026
2026-04-30,instruction,Spring 2026
2026-05-01,instruction,Spring 2026
2026-05-02,instruction,Spring 2026
2026-05-03,instruction,Spring 2026
2026-05-04,rrr,Spring 2026 review week
2026-05-05,rrr,Spring 2026 review week
2026-05-06,rrr,Spring 2026 review week
2026-05-07,rrr,Spring 2026 review week
2026-05-08,rrr,Spring 2026 review week
2026-05-09,rrr,Spring 2026 review week
2026-05-10,rrr,Spring 2026 review week
2026-05-11,finals,Spring 2026 finals
2026-05-12,finals,Spring 2026 finals
2026-05-13,finals,Spring 2026 finals
2026-05-14,finals,Spring 2026 finals
2026-05-15,finals,Spring 2026 finals
2026-05-16,summer,Summer 2026
2026-05-17,summer,Summer 2026
2026-05-18,summer,Summer 2026
2026-05-19,summer,Summer 2026
2026-05-20,summer,Summer 2026
2026-05-21,summer,Summer 2026
2026-05-22,summer,Summer 2026
2026-05-23,summer,Summer 2026
2026-05-24,summer,Summer 2026
2026-05-25,holiday,Memorial Day
2026-05-26,summer,Summer 2026
2026-05-27,summer,Summer 2026
2026-05-28,summer,Summer 2026
2026-05-29,summer,Summer 2026
2026-05-30,summer,Summer 2026
2026-05-31,summer,Summer 2026
2026-06-01,summer,Summer 2026
2026-06-02,summer,Summer 2026
2026-06-03,summer,Summer 2026
2026-06-04,summer,Summer 2026
2026-06-05,summer,Summer 2026
2026-06-06,summer,Summer 2026
2026-06-07,summer,Summer 2026
2026-06-08,summer,Summer 2026
2026-06-09,summer,Summer 2026
2026-06-10,summer,Summer 2026
2026-06-11,summer,Summer 2026
2026-06-12,summer,Summer 2026
2026-06-13,summer,Summer 2026
2026-06-14,summer,Summer 2026
2026-06-15,summer,Summer 2026
2026-06-16,summer,Summer 2026
2026-06-17,summer,Summer 2026
2026-06-18,summer,Summer 2026
2026-06-19,holiday,Juneteenth
2026-06-20,summer,Summer 2026
2026-06-21,summer,Summer 2026
2026-06-22,summer,Summer 2026
2026-06-23,summer,Summer 2026
2026-06-24,summer,Summer 2026
2026-06-25,summer,Summer 2026
2026-06-26,summer,Summer 2026
2026-06-27,summer,Summer 2026
2026-06-28,summer,Summer 2026
2026-06-29,summer,Summer 2026
2026-06-30,summer,Summer 2026
2026-07-01,summer,Summer 2026
2026-07-02,summer,Summer 2026
2026-07-03,holiday,Independence Day (observed)
2026-07-04,summer,Summer 2026
2026-07-05,summer,Summer 2026
2026-07-06,summer,Summer 2026
2026-07-07,summer,Summer 2026
2026-07-08,summer,Summer 2026
2026-07-09,summer,Summer 2026
2026-07-10,summer,Summer 2026
2026-07-11,summer,Summer 2026
2026-07-12,summer,Summer 2026
2026-07-13,summer,Summer 2026
2026-07-14,summer,Summer 2026
2026-07-15,summer,Summer 2026
2026-07-16,summer,Summer 2026
2026-07-17,summer,Summer 2026
2026-07-18,summer,Summer 2026
2026-07-19,summer,Summer 2026
2026-07-20,summer,Summer 2026
2026-07-21,summer,Summer 2026
2026-07-22,summer,Summer 2026
2026-07-23,summer,Summer 2026
2026-07-24,summer,Summer 2026
2026-07-25,summer,Summer 2026
2026-07-26,summer,Summer 2026
2026-07-27,summer,Summer 2026
2026-07-28,summer,Summer 2026
2026-07-29,summer,Summer 2026
2026-07-30,summer,Summer 2026
2026-07-31,summer,Summer 2026
2026-08-01,summer,Summer 2026
2026-08-02,summer,Summer 2026
2026-08-03,summer,Summer 2026
2026-08-04,summer,Summer 2026
2026-08-05,summer,Summer 2026
2026-08-06,summer,Summer 2026
2026-08-07,summer,Summer 2026
2026-08-08,summer,Summer 2026
2026-08-09,summer,Summer 2026
2026-08-10,summer,Summer 2026
2026-08-11,summer,Summer 2026
2026-08-12,summer,Summer 2026
2026-08-13,summer,Summer 2026
2026-08-14,summer,Summer 2026
2026-08-15,summer,Summer 2026
2026-08-16,summer,Summer 2026
2026-08-17,summer,Summer 2026
2026-08-18,summer,Summer 2026
2026-08-19,instruction,Fall 2026
2026-08-20,instruction,Fall 2026
2026-08-21,instruction,Fall 2026
2026-08-22,instruction,Fall 2026
2026-08-23,instruction,Fall 2026
2026-08-24,instruction,Fall 2026
2026-08-25,instruction,Fall 2026
2026-08-26,instruction,Fall 2026
2026-08-27,instruction,Fall 2026
2026-08-28,instruction,Fall 2026
2026-08-29,instruction,Fall 2026
2026-08-30,instruction,Fall 2026
2026-08-31,instruction,Fall 2026
2026-09-01,instruction,Fall 2026
2026-09-02,instruction,Fall 2026
2026-09-03,instruction,Fall 2026
2026-09-04,instruction,Fall 2026
2026-09-05,instruction,Fall 2026
2026-09-06,instruction,Fall 2026
2026-09-07,holiday,Labor Day
2026-09-08,instruction,Fall 2026
2026-09-09,instruction,Fall 2026
2026-09-10,instruction,Fall 2026
2026-09-11,instruction,Fall 2026
2026-09-12,instruction,Fall 2026
2026-09-13,instruction,Fall 2026
2026-09-14,instruction,Fall 2026
2026-09-15,instruction,Fall 2026
2026-09-16,instruction,Fall 2026
2026-09-17,instruction,Fall 2026
2026-09-18,instruction,Fall 2026
2026-09-19,instruction,Fall 2026
2026-09-20,instruction,Fall 2026
2026-09-21,instruction,Fall 2026
2026-09-22,instruction,Fall 2026
2026-09-23,instruction,Fall 2026
2026-09-24,instruction,Fall 2026
2026-09-25,instruction,Fall 2026
2026-09-26,instruction,Fall 2026
2026-09-27,instruction,Fall 2026
2026-09-28,instruction,Fall 2026
2026-09-29,instruction,Fall 2026
2026-09-30,instruction,Fall 2026
2026-10-01,instruction,Fall 2026
2026-10-02,instruction,Fall 2026
2026-10-03,instruction,Fall 2026
2026-10-04,instruction,Fall 2026
2026-10-05,instruction,Fall 2026
2026-10-06,instruction,Fall 2026
2026-10-07,instruction,Fall 2026
2026-10-08,instruction,Fall 2026
2026-10-09,instruction,Fall 2026
2026-10-10,instruction,Fall 2026
2026-10-11,instruction,Fall 2026
2026-10-12,instruction,Fall 2026
2026-10-13,instruction,Fall 2026
2026-10-14,instruction,Fall 2026
2026-10-15,instruction,Fall 2026
2026-10-16,instruction,Fall 2026
2026-10-17,instruction,Fall 2026
2026-10-18,instruction,Fall 2026
2026-10-19,instruction,Fall 2026
2026-10-20,instruction,Fall 2026
2026-10-21,instruction,Fall 2026
2026-10-22,instruction,Fall 2026
2026-10-23,instruction,Fall 2026
2026-10-24,instruction,Fall 2026
2026-10-25,instruction,Fall 2026
2026-10-26,instruction,Fall 2026
2026-10-27,instruction,Fall 2026
2026-10-28,instruction,Fall 2026
2026-10-29,instruction,Fall 2026
2026-10-30,instruction,Fall 2026
2026-10-31,instruction,Fall 2026
2026-11-01,instruction,Fall 2026
2026-11-02,instruction,Fall 2026
2026-11-03,instruction,Fall 2026
2026-11-04,instruction,Fall 2026
2026-11-05,instruction,Fall 2026
2026-11-06,instruction,Fall 2026
2026-11-07,instruction,Fall 2026
2026-11-08,instruction,Fall 2026
2026-11-09,instruction,Fall 2026
2026-11-10,instruction,Fall 2026
2026-11-11,holiday,Veterans Day
2026-11-12,instruction,Fall 2026
2026-11-13,instruction,Fall 2026
2026-11-14,instruction,Fall 2026
2026-11-15,instruction,Fall 2026
2026-11-16,instruction,Fall 2026
2026-11-17,instruction,Fall 2026
2026-11-18,instruction,Fall 2026
2026-11-19,instruction,Fall 2026
2026-11-20,instruction,Fall 2026
2026-11-21,instruction,Fall 2026
2026-11-22,instruction,Fall 2026
2026-11-23,instruction,Fall 2026
2026-11-24,instruction,Fall 2026
2026-11-25,break,Thanksgiving break 2026
2026-11-26,holiday,Thanksgiving
2026-11-27,holiday,Day after Thanksgiving
2026-11-28,break,Thanksgiving break 2026
2026-11-29,break,Thanksgiving break 2026
2026-11-30,instruction,Fall 2026
2026-12-01,instruction,Fall 2026
2026-12-02,instruction,Fall 2026
2026-12-03,instruction,Fall 2026
2026-12-04,instruction,Fall 2026
2026-12-05,instruction,Fall 2026
2026-12-06,instruction,Fall 2026
2026-12-07,rrr,Fall 2026 review week
2026-12-08,rrr,Fall 2026 review week
2026-12-09,rrr,Fall 2026 review week
2026-12-10,rrr,Fall 2026 review week
2026-12-11,rrr,Fall 2026 review week
2026-12-12,rrr,Fall 2026 review week
2026-12-13,rrr,Fall 2026 review week
2026-12-14,finals,Fall 2026 finals
2026-12-15,finals,Fall 2026 finals
2026-12-16,finals,Fall 2026 finals
2026-12-17,finals,Fall 2026 finals
2026-12-18,finals,Fall 2026 finals
2026-12-19,break,Winter break 2026-27
2026-12-20,break,Winter break 2026-27
2026-12-21,break,Winter break 2026-27
2026-12-22,break,Winter break 2026-27
2026-12-23,break,Winter break 2026-27
2026-12-24,holiday,Winter holiday
2026-12-25,holiday,Christmas
2026-12-26,break,Winter break 2026-27
2026-12-27,break,Winter break 2026-27
2026-12-28,break,Winter break 2026-27
2026-12-29,break,Winter break 2026-27
2026-12-30,break,Winter break 2026-27
2026-12-31,holiday,Winter holiday
2027-01-01,holiday,New Year's Day
2027-01-02,break,Winter break 2026-27
2027-01-03,break,Winter break 2026-27
2027-01-04,break,Winter break 2026-27
2027-01-05,break,Winter break 2026-27
2027-01-06,break,Winter break 2026-27
2027-01-07,break,Winter break 2026-27
2027-01-08,break,Winter break 2026-27
2027-01-09,break,Winter break 2026-27
2027-01-10,break,Winter break 2026-27
2027-01-11,break,Winter break 2026-27
2027-01-12,instruction,Spring 2027
2027-01-13,instruction,Spring 2027
2027-01-14,instruction,Spring 2027
2027-01-15,instruction,Spring 2027
2027-01-16,instruction,Spring 2027
2027-01-17,instruction,Spring 2027
2027-01-18,holiday,Martin Luther King Jr. Day
2027-01-19,instruction,Spring 2027
2027-01-20,instruction,Spring 2027
2027-01-21,instruction,Spring 2027
2027-01-22,instruction,Spring 2027
2027-01-23,instruction,Spring 2027
2027-01-24,instruction,Spring 2027
2027-01-25,instruction,Spring 2027
2027-01-26,instruction,Spring 2027
2027-01-27,instruction,Spring 2027
2027-01-28,instruction,Spring 2027
2027-01-29,instruction,Spring 2027
2027-01-30,instruction,Spring 2027
2027-01-31,instruction,Spring 2027
2027-02-01,instruction,Spring 2027
2027-02-02,instruction,Spring 2027
2027-02-03,instruction,Spring 2027
2027-02-04,instruction,Spring 2027
2027-02-05,instruction,Spring 2027
2027-02-06,instruction,Spring 2027
2027-02-07,instruction,Spring 2027
2027-02-08,instruction,Spring 2027
2027-02-09,instruction,Spring 2027
2027-02-10,instruction,Spring 2027
2027-02-11,instruction,Spring 2027
2027-02-12,instruction,Spring 2027
2027-02-13,instruction,Spring 2027
2027-02-14,instruction,Spring 2027
2027-02-15,holiday,Presidents' Day
2027-02-16,instruction,Spring 2027
2027-02-17,instruction,Spring 2027
2027-02-18,instruction,Spring 2027
2027-02-19,instruction,Spring 2027
2027-02-20,instruction,Spring 2027
2027-02-21,instruction,Spring 2027
2027-02-22,instruction,Spring 2027
2027-02-23,instruction,Spring 2027
2027-02-24,instruction,Spring 2027
2027-02-25,instruction,Spring 2027
2027-02-26,instruction,Spring 2027
2027-02-27,instruction,Spring 2027
2027-02-28,instruction,Spring 2027
2027-03-01,instruction,Spring 2027
2027-03-02,instruction,Spring 2027
2027-03-03,instruction,Spring 2027
2027-03-04,instruction,Spring 2027
2027-03-05,instruction,Spring 2027
2027-03-06,instruction,Spring 2027
2027-03-07,instruction,Spring 2027
2027-03-08,instruction,Spring 2027
2027-03-09,instruction,Spring 2027
2027-03-10,instruction,Spring 2027
2027-03-11,instruction,Spring 2027
2027-03-12,instruction,Spring 2027
2027-03-13,instruction,Spring 2027
2027-03-14,instruction,Spring 2027
2027-03-15,instruction,Spring 2027
2027-03-16,instruction,Spring 2027
2027-03-17,instruction,Spring 2027
2027-03-18,instruction,Spring 2027
2027-03-19,instruction,Spring 2027
2027-03-20,break,Spring recess 2027
2027-03-21,break,Spring recess 2027
2027-03-22,break,Spring recess 2027
2027-03-23,break,Spring recess 2027
2027-03-24,break,Spring recess 2027
2027-03-25,break,Spring recess 2027
2027-03-26,holiday,Cesar Chavez Day
2027-03-27,break,Spring recess 2027
2027-03-28,break,Spring recess 2027
2027-03-29,instruction,Spring 2027
2027-03-30,instruction,Spring 2027
2027-03-31,instruction,Spring 2027
2027-04-01,instruction,Spring 2027
2027-04-02,instruction,Spring 2027
2027-04-03,instruction,Spring 2027
2027-04-04,instruction,Spring 2027
2027-04-05,instruction,Spring 2027
2027-04-06,instruction,Spring 2027
2027-04-07,instruction,Spring 2027
2027-04-08,instruction,Spring 2027
2027-04-09,instruction,Spring 2027
2027-04-10,instruction,Spring 2027
2027-04-11,instruction,Spring 2027
2027-04-12,instruction,Spring 2027
2027-04-13,instruction,Spring 2027
2027-04-14,instruction,Spring 2027
2027-04-15,instruction,Spring 2027
2027-04-16,instruction,Spring 2027
2027-04-17,instruction,Spring 2027
2027-04-18,instruction,Spring 2027
2027-04-19,instruction,Spring 2027
2027-04-20,instruction,Spring 2027
2027-04-21,instruction,Spring 2027
2027-04-22,instruction,Spring 2027
2027-04-23,instruction,Spring 2027
2027-04-24,instruction,Spring 2027
2027-04-25,instruction,Spring 2027
2027-04-26,instruction,Spring 2027
2027-04-27,instruction,Spring 2027
2027-04-28,instruction,Spring 2027
2027-04-29,instruction,Spring 2027
2027-04-30,instruction,Spring 2027
2027-05-01,instruction,Spring 2027
2027-05-02,instruction,Spring 2027
2027-05-03,rrr,Spring 2027 review week
2027-05-04,rrr,Spring 2027 review week
2027-05-05,rrr,Spring 2027 review week
2027-05-06,rrr,Spring 2027 review week
2027-05-07,rrr,Spring 2027 review week
2027-05-08,rrr,Spring 2027 review week
2027-05-09,rrr,Spring 2027 review week
2027-05-10,finals,Spring 2027 finals
2027-05-11,finals,Spring 2027 finals
2027-05-12,finals,Spring 2027 finals
2027-05-13,finals,Spring 2027 finals
2027-05-14,finals,Spring 2027 finals
2027-05-15,summer,Summer 2027
2027-05-16,summer,Summer 2027
2027-05-17,summer,Summer 2027
2027-05-18,summer,Summer 2027
2027-05-19,summer,Summer 2027
2027-05-20,summer,Summer 2027
2027-05-21,summer,Summer 2027
2027-05-22,summer,Summer 2027
2027-05-23,summer,Summer 2027
2027-05-24,summer,Summer 2027
2027-05-25,summer,Summer 2027
2027-05-26,summer,Summer 2027
2027-05-27,summer,Summer 2027
2027-05-28,summer,Summer 2027
2027-05-29,summer,Summer 2027
2027-05-30,summer,Summer 2027
2027-05-31,holiday,Memorial Day
2027-06-01,summer,Summer 2027
2027-06-02,summer,Summer 2027
2027-06-03,summer,Summer 2027
2027-06-04,summer,Summer 2027
2027-06-05,summer,Summer 2027
2027-06-06,summer,Summer 2027
2027-06-07,summer,Summer 2027
2027-06-08,summer,Summer 2027
2027-06-09,summer,Summer 2027
2027-06-10,summer,Summer 2027
2027-06-11,summer,Summer 2027
2027-06-12,summer,Summer 2027
2027-06-13,summer,Summer 2027
2027-06-14,summer,Summer 2027
2027-06-15,summer,Summer 2027
2027-06-16,summer,Summer 2027
2027-06-17,summer,Summer 2027
2027-06-18,holiday,Juneteenth (observed)
2027-06-19,summer,Summer 2027
2027-06-20,summer,Summer 2027
2027-06-21,summer,Summer 2027
2027-06-22,summer,Summer 2027
2027-06-23,summer,Summer 2027
2027-06-24,summer,Summer 2027
2027-06-25,summer,Summer 2027
2027-06-26,summer,Summer 2027
2027-06-27,summer,Summer 2027
2027-06-28,summer,Summer 2027
2027-06-29,summer,Summer 2027
2027-06-30,summer,Summer 2027
2027-07-01,summer,Summer 2027
2027-07-02,summer,Summer 2027
2027-07-03,summer,Summer 2027
2027-07-04,summer,Summer 2027
2027-07-05,holiday,Independence Day (observed)
2027-07-06,summer,Summer 2027
2027-07-07,summer,Summer 2027
2027-07-08,summer,Summer 2027
2027-07-09,summer,Summer 2027
2027-07-10,summer,Summer 2027
2027-07-11,summer,Summer 2027
2027-07-12,summer,Summer 2027
2027-07-13,summer,Summer 2027
2027-07-14,summer,Summer 2027
2027-07-15,summer,Summer 2027
2027-07-16,summer,Summer 2027
2027-07-17,summer,Summer 2027
2027-07-18,summer,Summer 2027
2027-07-19,summer,Summer 2027
2027-07-20,summer,Summer 2027
2027-07-21,summer,Summer 2027
2027-07-22,summer,Summer 2027
2027-07-23,summer,Summer 2027
2027-07-24,summer,Summer 2027
2027-07-25,summer,Summer 2027
2027-07-26,summer,Summer 2027
2027-07-27,summer,Summer 2027
2027-07-28,summer,Summer 2027
2027-07-29,summer,Summer 2027
2027-07-30,summer,Summer 2027
2027-07-31,summer,Summer 2027
2027-08-01,summer,Summer 2027
2027-08-02,summer,Summer 2027
2027-08-03,summer,Summer 2027
2027-08-04,summer,Summer 2027
2027-08-05,summer,Summer 2027
2027-08-06,summer,Summer 2027
2027-08-07,summer,Summer 2027
2027-08-08,summer,Summer 2027
2027-08-09,summer,Summer 2027
2027-08-10,summer,Summer 2027
2027-08-11,summer,Summer 2027
2027-08-12,summer,Summer 2027
2027-08-13,summer,Summer 2027
